TeamID,PlayoffMinsSum,AgeSum,SeriesGPSum,SeriesLeadSum,SeriesWinPercentSum,MissingMinsSum,PrevMarginSum,OppPointsPGSum,PointsPGOpponentSum,PrevOPTSSum,AdjustedOPTSLinearRegression,Name
1610612761,105.57830353953133,106.0552097600543,107.3398878683534,106.30817911518197,107.35594569753937,106.6312250553111,106.91612887197938,105.84947835604927,107.26002848832012,106.80184608828566,112.97858524209983,Raptors
1610612738,106.69023091495309,106.09893987481608,107.13295698316986,105.48849964971568,105.17150307668116,105.46448514643988,105.68824031746453,106.02019701632334,106.72200562700372,104.90877203320863,106.29295169318607,Celtics
1610612743,106.30097650114202,106.12958468054465,104.07915766994465,105.44628736910268,104.87338897514583,105.39574679255811,106.10227942586046,106.30310297024091,106.4214939190777,105.94061504318407,101.62119201263931,Nuggets
1610612762,106.46361530463437,106.03795134815816,104.03510127870892,105.61056596765488,104.90645439841947,105.65975997851247,106.71629955477496,106.00266184883418,106.35622197036007,107.5453639671584,104.06967825989614,Jazz
1610612749,105.47633103137856,105.95174770250294,107.46640611799909,106.24951301100997,107.15204524744497,105.80430210574208,106.36745414129955,105.9299415424263,106.74335676897113,107.16420940738134,110.31272671307829,Bucks
1610612748,105.9478328289445,105.99681388373054,107.37455895502907,105.17631708046983,104.85518063131147,105.29999458848371,105.76183732760255,105.97350746869824,108.62510323012539,105.61280020941422,108.93193143226836,Heat
1610612745,105.28232558584556,106.15060713715397,103.81795977356931,105.56628235958107,105.00430102549524,105.48526573475483,105.95593104500605,107.20643832413545,106.41484273389659,105.68013863940253,101.55929213446734,Rockets
1610612760,106.20070868680146,105.89930765736904,103.94646869095119,105.47610040018854,104.60019195152877,105.52433015988423,105.794515131789,105.89665991704932,108.5976206082728,105.00365000215231,102.86623236413493,Thunder
