TeamID,PlayoffMinsSum,AgeSum,SeriesGPSum,SeriesLeadSum,SeriesWinPercentSum,MissingMinsSum,PrevMarginSum,PointsPGSum,OppPointsPGOpponentSum,PrevPTSSum,AdjustedPTSLinearRegression,Name
1610612738,105.55633390837582,106.40860808695322,106.20803662517567,105.55138905214748,105.91034569106516,105.45253768723524,106.17136761838142,107.10869466205793,106.05279234139908,104.68354738324072,104.14329721265085,Celtics
1610612748,104.9435632628897,105.8923918945939,106.0145978189212,105.51106876960685,106.04205705689185,105.92284858046996,106.420226099269,106.55231150607155,105.9396164404355,105.91422206089253,104.80275219251143,Heat
1610612746,105.27629208583427,105.8779749558069,103.99781284173869,105.42595356739272,105.24563098397863,105.95271139483657,105.84224427299402,108.40216232709452,105.7365048715515,105.10898702548378,100.65900436446941,Clippers
1610612743,105.03034042131424,106.20446963566928,103.87292562528091,105.6670070238421,105.28196854753367,105.73847626555599,106.9809229655189,106.23359073010637,106.3711595541858,107.0776085353357,102.58077484978435,Nuggets
