TeamID,PlayoffMinsSum,AgeSum,SeriesGPSum,SeriesLeadSum,SeriesWinPercentSum,MissingMinsSum,PrevMarginSum,PointsPGSum,OppPointsPGOpponentSum,PrevPTSSum,AdjustedPTSLinearRegression,Name
1610612749,105.99763718599078,106.25856820838219,106.42542672582115,105.68286474604095,106.02068514279588,106.32735887643581,106.86214052422461,108.57076510393748,106.22054168274566,107.71524690679172,114.08509791329766,Bucks
1610612748,104.92172871174509,106.02863292611974,106.29591415666309,105.66466617342921,105.94142496313934,106.28699015155972,106.65390349742391,106.5536370258851,105.97500083630227,105.28914729290285,105.28235178122782,Heat
1610612745,105.96639109846538,105.98169598803858,104.45319321746783,106.60829187546894,106.44314535661799,106.31085894039694,106.53170438097793,109.05877342315901,105.94935373491968,107.26508249393524,109.46868909967156,Rockets
1610612760,105.21324171723097,105.9493768646382,104.75944986626999,105.38647051501374,105.54627054946857,106.66844017126473,105.31967453163283,106.4152903735758,107.36753960605357,104.46775830994936,102.0605977717646,Thunder
