TeamID,PlayoffMinsSum,AgeSum,SeriesGPSum,SeriesLeadSum,SeriesWinPercentSum,MissingMinsSum,PrevMarginSum,OppPointsPGSum,PointsPGOpponentSum,PrevOPTSSum,AdjustedOPTSLinearRegression,Name
1610612761,105.60307450772707,106.1837915038399,107.05154932711183,106.90661586194341,106.95838855936685,105.8271346280202,106.22889532429635,105.91482669140699,107.50629764988129,105.58829499034023,109.48170827627678,Raptors
1610612738,106.52581892019543,105.90967508383987,107.01890166278467,105.64770400818044,105.58591435444671,105.76570119925881,105.90168735699288,106.0537289153579,106.85310590874361,105.23117448189335,107.59739084773378,Celtics
1610612746,105.57523445806729,106.15050553226597,106.25916677476432,105.69302412988495,107.22657236120904,105.32141052551553,105.92304353931807,106.36488572989819,106.41517144454632,105.12541800049495,104.52299567104296,Clippers
1610612743,106.26721911389237,106.03310695736809,106.07481537232262,105.37304860879031,107.18071972650343,105.50694186336919,105.74015539228506,106.12720587789951,108.53186927692106,104.2111561545175,107.32192331934425,Nuggets
1610612749,105.3434222914264,106.16301372300421,107.2730645239674,106.98264440554323,107.2298287149311,105.35189036087361,106.27261173772963,106.08758268990766,106.70548125089584,107.29544230848748,109.67683428730834,Bucks
1610612748,106.02059895031277,105.9604786572536,107.1044988595844,105.36386009122609,105.66541354946509,106.03496664526256,105.86553881194521,106.05578822233886,108.6669616726473,107.10564562681711,113.09341743559344,Heat
1610612747,105.92766337138734,106.11459833204977,106.21030863865255,105.65739793735985,107.19994088517754,105.51698501507403,105.74997780579683,105.93074864228323,108.71578927214735,107.63478476371961,111.59444033349587,Lakers
1610612745,105.36614048632204,106.13935885307848,106.01740206613923,105.67607893483138,106.73263297839534,106.04694711819684,105.84402921184585,107.2777281818452,107.07962291019572,105.43114840474881,108.80475168540465,Rockets
