TeamID,PlayoffMinsSum,AgeSum,SeriesGPSum,SeriesLeadSum,SeriesWinPercentSum,MissingMinsSum,PrevMarginSum,OppPointsPGSum,PointsPGOpponentSum,PrevOPTSSum,AdjustedOPTSLinearRegression,Name
1610612738,106.57069075147908,106.13151463297564,106.2942809506942,105.69568462973672,107.03231492180122,105.76992423996488,105.53030591185538,105.95933199809792,106.64563510235975,104.95425009586995,106.20057149605213,Celtics
1610612748,105.96846046664622,106.08321848967576,106.2966175012849,105.87107460742308,107.0137476496562,105.51900246330968,105.35091612399849,106.11650741262294,107.36937938001778,104.89016467496252,106.1931670442757,Heat
1610612746,105.61891818642822,105.90405489787972,104.0430114855071,105.58870969938086,104.70530917312558,105.39472998370766,106.56680529796024,106.28191863020442,106.46315625065085,106.98829247532852,101.98285191420746,Clippers
1610612743,106.32225393031904,106.01175496116971,103.98750674945387,105.56589247183472,104.75072390292601,105.54755922718918,105.66762335737981,105.98703321487626,108.50487453141196,105.24287515148612,103.65918156040993,Nuggets
