TeamID,PlayoffMinsSum,AgeSum,SeriesGPSum,SeriesLeadSum,SeriesWinPercentSum,MissingMinsSum,PrevMarginSum,PointsPGSum,OppPointsPGOpponentSum,PrevPTSSum,AdjustedPTSLinearRegression,Name
1610612761,105.34391794417124,106.087954098972,104.55571570891131,105.31452776556809,105.59998757898647,106.69908750746266,105.42841204951436,106.94324638243656,106.11678414073411,104.56397322493224,100.52391200939473,Raptors
1610612738,105.33473929701822,106.25792075861548,104.78577765680653,106.53123991575544,106.10512519103663,106.41288431605068,106.8910215106937,107.17879330591697,106.0415076559335,107.17786004188818,107.20969109852444,Celtics
1610612746,105.06106550744812,105.80593128674428,106.34309388910157,106.42181859815587,106.41445484659246,106.00440770538194,106.33811831186887,108.49895004567067,106.13209983186402,107.19839267005665,110.96583783763344,Clippers
1610612743,105.15971305493198,106.28336663995108,106.2597113586755,105.18580480160033,105.51785928761115,105.72801721003938,105.81810634344798,106.3423772004643,106.27400841324584,106.06057963789567,104.59061322054663,Nuggets
1610612747,107.96043001085539,105.96903306478008,106.41255281206143,106.43784442384266,106.328915324573,105.63957698559582,106.53630768070761,107.07815567117483,107.37797877001272,107.13629473067333,114.44532181390264,Lakers
1610612745,105.99640243744291,106.12066731726865,106.3893383351532,105.08953642078194,105.38952847703308,105.40136345910432,105.70639636194021,108.80522615941624,106.09696649284705,105.64921675137012,107.59659425765312,Rockets
