TeamID,PlayoffMinsSum,AgeSum,SeriesGPSum,SeriesLeadSum,SeriesWinPercentSum,MissingMinsSum,PrevMarginSum,PointsPGSum,OppPointsPGOpponentSum,PrevPTSSum,AdjustedPTSLinearRegression,Name
1610612746,105.41198258444658,105.86096569677198,104.65492820710868,106.52550076748881,106.32488377520417,105.74509870698661,105.8000123845577,108.54021712997768,106.05296310664657,105.7929982306954,104.65476055568206,Clippers
1610612743,105.0045568132769,105.86564710069355,104.65627749747107,105.49561980008313,105.58447898842097,106.02960880919507,106.16845113750745,106.25534182962046,106.36599737952217,106.99506006536673,103.4598501382336,Nuggets
