TeamID,PlayoffMinsSum,AgeSum,SeriesGPSum,SeriesLeadSum,SeriesWinPercentSum,MissingMinsSum,PrevMarginSum,OppPointsPGSum,PointsPGOpponentSum,PrevOPTSSum,AdjustedOPTSLinearRegression,Name
1610612761,105.54090292561187,106.04741328012987,106.14489210238155,105.48166496124833,106.9716138941603,106.54208489191267,105.10042739395273,105.91179588466483,107.3938430980563,107.44250157738365,110.27495810730625,Raptors
1610612738,106.7578434829972,106.00680196552794,106.25629141688715,105.67511478444105,107.30950656625174,105.79785218938102,105.6262358524287,105.87045985877546,106.9493686113173,105.74937764551314,107.93979872216096,Celtics
1610612746,105.56621973189009,105.96833744170453,104.5371872843644,105.01337468429215,104.7541283955542,105.67747319031953,105.5865948818652,106.42807500455527,108.47098014734958,106.76376358276424,106.25844214150743,Clippers
1610612742,107.03700893125858,105.90807608052802,104.47962174166372,106.59233869928613,106.25957515563888,106.00262560521327,106.28476146873678,107.20429009149431,108.36265528331836,107.08671677782102,113.10557685949766,Mavericks
1610612743,106.49867497135084,106.27359945975104,104.61650057533313,106.60434643757718,106.1686289293453,106.12253209972975,105.76221292470532,106.04892253983414,106.2330712773751,106.05790553339816,105.21670413754691,Nuggets
1610612762,106.52448734007504,106.03872283867001,104.44876637587099,105.1501080360786,104.97571242901334,105.80320985367254,106.30229139334895,106.13093778013997,106.28739934823041,107.42363107721133,104.80913221201808,Jazz
