TeamID,PlayoffMinsSum,AgeSum,SeriesGPSum,SeriesLeadSum,SeriesWinPercentSum,MissingMinsSum,PrevMarginSum,OppPointsPGSum,PointsPGOpponentSum,PrevOPTSSum,AdjustedOPTSLinearRegression,Name
1610612761,105.50527086579132,106.36195277183812,103.84166156150312,105.39310419765197,104.97401760438527,105.5722205432535,105.88110947368061,106.1804579544735,107.22303084680424,107.85404756200523,104.07324023767387,Raptors
1610612738,106.62622263374418,106.07883422301211,103.83864106914375,105.60683737683054,105.05236346321274,105.53372686316709,106.0097733359531,106.01735020055958,106.85776867690706,107.38085223796412,104.13254549073895,Celtics
1610612746,105.62166944061887,106.29055556454355,105.46695565257683,105.46729880846627,105.39147498200384,105.29816800547486,106.00993444100574,106.30883630736591,106.46907691112597,104.77109526959987,101.71289608311349,Clippers
1610612743,106.30656427823929,105.87483220184401,105.7156658558352,106.84709250111345,106.66284972448112,105.6569451680741,106.56639385018346,106.1263519642165,108.45153647375372,105.006017431108,108.92830382304714,Nuggets
1610612747,105.72658438052093,105.9162060653404,105.65866728765201,105.48946518865458,105.3055102857817,105.92512623755613,105.99204811658483,105.87807369557633,108.80352255602486,105.37775110111816,107.40319084938301,Lakers
1610612745,105.43730114420669,106.01052158592928,105.59636164917538,106.87202863121351,106.75478742046728,105.9417430415737,106.58882547572155,107.25547066804154,107.37769256043102,106.45134112362105,110.70543680348374,Rockets
