TeamID,PlayoffMinsSum,AgeSum,SeriesGPSum,SeriesLeadSum,SeriesWinPercentSum,MissingMinsSum,PrevMarginSum,OppPointsPGSum,PointsPGOpponentSum,PrevOPTSSum,AdjustedOPTSLinearRegression,Name
1610612738,106.47865430714641,106.31528614179155,107.10933101006994,106.89088171662083,107.0789975866558,105.37872442168604,106.25998395768737,106.18190279461373,106.69836791152521,105.76944411827132,109.3469814489813,Celtics
1610612748,105.94319353296096,105.90988681754376,107.0396965161554,105.40072807205689,105.61486895222787,106.04390528559887,105.66196921525066,106.06425932975746,107.65044298350928,105.30351051169202,108.69894386569104,Heat
1610612747,105.88380815283311,106.12342662760472,107.29415330420463,105.16816134801779,104.85598789183231,105.84667947781386,105.81265047404196,105.90480371874133,106.31711448250981,107.21792749344678,108.01958122839983,Lakers
1610612743,106.42684153288612,105.90503225111617,107.1711213969409,106.64912499493893,107.08304415312365,105.65760638964048,106.32137221310919,106.15846457766403,107.29301766216169,107.50472333471626,112.92285517512187,Nuggets
