TeamID,PlayoffMinsSum,AgeSum,SeriesGPSum,SeriesLeadSum,SeriesWinPercentSum,MissingMinsSum,PrevMarginSum,PointsPGSum,OppPointsPGOpponentSum,PrevPTSSum,AdjustedPTSLinearRegression,Name
1610612761,105.4350978775715,106.06663117658759,107.40140174103568,105.37136829978982,106.0136219439795,106.80028890156709,105.57133740934576,106.82902534921128,106.09214827319195,104.82833942511526,107.26117291711307,Raptors
1610612738,105.06680101264199,106.09014130624536,107.1564953455423,106.42506586544616,106.3558278582023,106.03784594944929,106.95395504796407,107.50518635495796,106.09689528763774,107.19400948908806,112.06007950786352,Celtics
1610612743,105.2584956958689,105.95763576084815,104.06671415077734,105.60723961534875,105.12292336229726,105.97180427234781,106.79710835054776,106.04005826148519,105.80582574101028,107.55856437945697,102.39275177637887,Nuggets
1610612762,105.1644351311104,105.86051128688213,104.13017414924833,105.5227433229689,105.04933785879705,105.56792167282612,105.78433827530351,106.31929362104042,106.16168381351557,106.1812955646065,99.4455349626262,Jazz
1610612749,106.00202562380666,106.0937984126841,107.49773142901219,105.20156172277338,106.15873249333312,105.60555398690654,105.97233978873622,108.47618036794917,105.89528868602196,105.85327927587629,110.62896003817718,Bucks
1610612748,104.90702472403662,105.95366502540872,107.42804974132538,106.61514254588194,106.32465174727473,105.79834708718113,106.7131132061405,106.20997396101777,105.91247213602709,107.41747703969227,109.84267633337913,Heat
1610612745,105.90867833412746,106.223180081592,103.76256424364027,105.63617562789806,105.33937302931496,106.20471326475858,105.78185877964201,108.70983387182469,105.96344519626791,105.21154859397143,102.35889354988103,Rockets
1610612760,105.18670359792954,106.11306648808942,104.01623427532176,105.6299244030128,105.32956014051486,106.2180199270709,106.01164310948423,106.53408665230742,107.50875523153397,105.63004880653185,102.88581406164121,Thunder
