TeamID,PlayoffMinsSum,AgeSum,SeriesGPSum,SeriesLeadSum,SeriesWinPercentSum,MissingMinsSum,PrevMarginSum,OppPointsPGSum,PointsPGOpponentSum,PrevOPTSSum,AdjustedOPTSLinearRegression,Name
1610612761,105.54889394018826,106.35113781881822,104.55704849989961,106.53562868460938,106.16606174162197,106.47392601092952,106.53345012460635,106.15065567581863,107.54657524069606,106.78594305505112,108.3331963131825,Raptors
1610612738,106.68532041052869,106.2352443744384,104.39689754896149,105.25567979905145,104.94944702454063,106.04265293025993,105.46208692943205,106.08082059643715,106.94239970211626,104.80990752639136,103.01258965484226,Celtics
1610612746,105.70371940358498,106.16028689241661,106.30373519999226,105.15069469020668,104.87979608417307,105.42458791195638,105.8022363111427,106.2797293500925,106.34636737423989,105.8742032590749,104.13382434309551,Clippers
1610612743,106.25362550615596,106.12058340617618,106.11773917147873,106.55430645907647,106.19661943613971,105.48957315465894,105.9536373930349,106.12318739792099,108.28122381042603,107.03588667684816,110.89217960566612,Nuggets
1610612747,105.98947253026448,106.0240525208747,106.44269281648093,105.39088942202875,104.96763709961466,105.50532432104444,106.05815346844108,105.9729323871355,108.78694822979945,105.42759459678878,108.24388911108895,Lakers
1610612745,105.39634444312836,105.92491841338263,106.49357817405728,106.41355922019744,105.99597094843888,105.97238214999831,106.60106186434437,107.45657935661288,107.44226988834745,106.96410672596936,112.79301745391513,Rockets
