TeamID,PlayoffMinsSum,AgeSum,SeriesGPSum,SeriesLeadSum,SeriesWinPercentSum,MissingMinsSum,PrevMarginSum,OppPointsPGSum,PointsPGOpponentSum,PrevOPTSSum,AdjustedOPTSLinearRegression,Name
1610612749,105.22507718251562,106.11175294535589,106.12186162344145,105.42911773412926,107.05298460629075,106.15530608757665,105.93049304652905,105.98388188080851,106.57895649603344,105.6100453554263,105.61115428205926,Bucks
1610612748,106.16788529325258,106.21963731035822,106.31160399932608,105.59282048648198,107.16652407736545,106.11477008426893,106.03577142413471,105.98856280026554,108.20476217873681,104.72155514449842,109.23114512267603,Heat
1610612745,105.29938108009293,106.02425323049968,104.80294673167596,105.26398660361616,104.76465553152376,105.97317701343226,105.62056278119691,107.22346411854734,106.40632041117868,104.50775471130282,102.5016052929293,Rockets
1610612760,106.5636001096444,105.98016811254332,104.6874734293537,106.52743797426882,106.304905052586,106.62493527961273,106.76156365395939,106.0678297476987,108.91709098598689,107.15531879585006,113.09891892711357,Thunder
