TeamID,PlayoffMinsSum,AgeSum,SeriesGPSum,SeriesLeadSum,SeriesWinPercentSum,MissingMinsSum,PrevMarginSum,OppPointsPGSum,PointsPGOpponentSum,PrevOPTSSum,AdjustedOPTSLinearRegression,Name
1610612738,106.67391799049703,106.04433463704163,107.0867712384701,106.36251600853514,106.95166104847898,105.74278350308563,105.9383292692808,106.1317573363784,106.49848784435517,107.4100961941496,111.45684813432104,Celtics
1610612748,106.1546124566578,106.22904252255873,107.25369212293518,105.2240205071321,104.85497357192901,105.98833669744292,105.70096413667956,106.06661192322846,107.23323924137927,107.1126170756913,110.5606426059237,Heat
1610612747,106.07288186611731,106.03452501700117,106.23206203624912,105.48907445823288,107.14418264785647,106.40365760839634,105.15570644284517,106.13193077639598,106.5613661827862,104.86146210707028,106.7165088812867,Lakers
1610612743,106.36714014443676,106.0635579426542,106.01723145576877,105.72669407205338,107.27333186949286,105.47167284336311,106.10399478900773,106.17130058077669,107.28767782019328,104.85610343541279,106.48785455571829,Nuggets
