TeamID,PlayoffMinsSum,AgeSum,SeriesGPSum,SeriesLeadSum,SeriesWinPercentSum,MissingMinsSum,PrevMarginSum,PointsPGSum,OppPointsPGOpponentSum,PrevPTSSum,AdjustedPTSLinearRegression,Name
1610612738,105.23109136300329,106.27701424015625,107.16988897356907,105.50471523573592,105.85613993352023,105.9810549372146,105.71549704151477,107.33530505535224,106.06104983726114,105.16613175759755,106.73420084472696,Celtics
1610612748,104.89119618295676,106.0924897931992,107.22942107075701,106.8260958140271,106.83286091480838,106.28753897737569,106.35204738193487,106.46244732242653,106.20716573182787,105.85762806658109,108.75659174733687,Heat
1610612747,107.91127796242274,106.08834409730642,107.31143514739667,106.56635889017372,106.28407171725799,106.32212432913752,106.80149646602196,107.44346832117874,106.19708430523102,107.19377696237862,115.79418439872006,Lakers
1610612743,104.98122723672401,105.85939009892982,107.14056337157997,105.33779909087227,106.09866664621593,105.99005259765475,105.78991316381136,106.3861659382551,105.87027108440226,107.11593689771271,107.71826236216361,Nuggets
