TeamID,PlayoffMinsSum,AgeSum,SeriesGPSum,SeriesLeadSum,SeriesWinPercentSum,MissingMinsSum,PrevMarginSum,PointsPGSum,OppPointsPGOpponentSum,PrevPTSSum,AdjustedPTSLinearRegression,Name
1610612761,105.40409662915846,105.96778448902526,105.57835354502734,105.6726224797511,105.41293460849933,105.77712125768878,106.2503995486474,106.76587726636993,106.17914913499237,105.57148555109522,103.73427468394152,Raptors
1610612738,105.10130217623086,106.08965940777405,105.65831776929383,105.45670474985619,105.14523091042722,105.87413287042259,105.73632996688325,107.56453350230066,106.02120811251638,105.76108574545349,103.83087869131282,Celtics
1610612746,105.320683600041,106.23542180303957,107.34217229214914,106.603583474888,106.29866820356213,106.25426202988297,106.59235679506035,108.4899637471137,106.24338314787157,107.65166723241596,114.84058835263409,Clippers
1610612743,105.1772429463533,105.82134685572929,107.30344146222619,105.25813329206314,105.89037143341426,105.85452950168268,104.92254457174771,106.34104825758013,106.33113680567448,105.09879847438822,104.57373694230978,Nuggets
1610612749,106.04135153010378,106.11431981900873,106.42580600869874,105.7108451556866,106.16553372595612,105.86778880263564,105.7511607084143,108.46162451510685,106.26092134025627,105.36317865294053,108.57261582482465,Bucks
1610612748,104.88024594402998,106.21709689212649,106.56119145493682,107.55136883329322,107.34293361159014,106.30452044838229,107.03521345991048,106.58515720236781,105.93330110477383,107.20185533990781,110.50949474195772,Heat
1610612747,107.67564389496287,106.29539297783086,107.09996790397444,105.24704040417848,106.07481804389188,106.42669218915293,105.69397338325413,107.38387738709017,107.38303597365183,105.17046587797084,112.74960571675183,Lakers
1610612745,105.76604052546448,105.8329001467109,107.25324546609473,106.41797889461466,106.19583733679465,106.06755496582429,107.0578590872523,108.90113247571233,105.89565666575635,107.26302948728858,114.71182282227164,Rockets
