TeamID,PlayoffMinsSum,AgeSum,SeriesGPSum,SeriesLeadSum,SeriesWinPercentSum,MissingMinsSum,PrevMarginSum,PointsPGSum,OppPointsPGOpponentSum,PrevPTSSum,AdjustedPTSLinearRegression,Name
1610612761,105.08270248566619,105.94538899991643,103.95151792038007,105.5790029730842,105.02943906185601,105.97117722404941,105.87680378536724,106.814665722015,105.91777094785692,107.5349386965701,101.85484623031653,Raptors
1610612738,105.1407293127985,106.03234348599192,104.00143477782217,105.67318896611172,105.49824205417742,105.56347377119141,105.77141371663076,107.44550701381378,106.06714804657614,107.53831345040602,102.97353994755053,Celtics
1610612746,105.23531782361378,106.0266275677246,105.65276595853985,107.06819953046579,106.81944189933208,105.67223616083653,106.70814692584504,108.44364545795112,106.2554032958198,105.02137159527564,107.32520692046637,Clippers
1610612743,105.1791739116302,106.13576626094897,105.58548385038185,105.51364243025581,105.376402949232,105.83887440843647,105.69140387158555,106.33565282180817,106.29302202131795,104.55924077227667,100.93270119311205,Nuggets
1610612747,107.7619933580805,106.30898245125499,105.6783081110129,106.80440367365992,106.95219788318116,105.46326225042215,106.73217345614734,107.25406422183434,107.357300101268,106.7796307948194,113.14865609146727,Lakers
1610612745,106.06677452087793,106.02799077879351,105.63172265276117,105.47363889031084,105.63236269540552,105.4595979922459,105.66117641667027,108.9815287259941,105.88783186416262,105.42303415934335,105.89950973844111,Rockets
