TeamID,PlayoffMinsSum,AgeSum,SeriesGPSum,SeriesLeadSum,SeriesWinPercentSum,MissingMinsSum,PrevMarginSum,OppPointsPGSum,PointsPGOpponentSum,PrevOPTSSum,AdjustedOPTSLinearRegression,Name
1610612761,105.71729217272214,106.01769568693608,105.72258547390797,105.66946704617291,105.13044250451966,105.88654919207566,105.80973365525217,106.0794017258614,107.52882604013143,105.7642746483507,106.12098239894954,Raptors
1610612738,106.60394708353323,106.16846312324398,105.53254226163646,105.45391219106989,105.16829076631028,106.00241824697976,105.94901568629206,106.18068926603068,106.89250262507964,105.66087848113226,106.4207575491705,Celtics
1610612746,105.71492301647514,106.12516900600569,107.30334548412937,105.24266271639499,104.7513239416181,106.26127570541638,105.43331429788734,106.34010643925248,106.4002598156353,105.141174555723,107.05370283944944,Clippers
1610612743,106.31444788925099,106.07573913871792,107.367865538284,106.32784170456303,107.07824096295975,105.71913332194761,106.79042177361555,105.97391042455328,108.5886716152108,107.63273240485762,115.37226805637079,Nuggets
1610612749,105.29489700135827,105.88959661911119,106.30137771495015,107.3427419736907,107.12923651840701,105.56855367114464,106.98522397276943,105.98514552776564,106.54877049136877,107.22329250489845,108.17860424563924,Bucks
1610612748,105.86877257532706,106.20431744497198,106.44221246058713,105.86210657187253,105.74300038077433,106.01386597236812,105.71093812992312,106.21298212178861,108.4143397945631,105.40001550661344,109.78013808248897,Heat
1610612747,105.76313609600838,106.06245607145026,107.24483812188711,106.56259413794167,107.01102161076508,105.79205886880563,106.8143378823645,105.95072509382162,108.86634890826619,106.98874676140487,114.22621765459098,Lakers
1610612745,105.24367609326758,105.96834434461668,107.30627698755772,105.34409705094171,105.06935145595155,105.64712391335686,105.83679789233716,107.14822502813016,107.26083394707092,105.208665062379,108.50202605919958,Rockets
