TeamID,PlayoffMinsSum,AgeSum,SeriesGPSum,SeriesLeadSum,SeriesWinPercentSum,MissingMinsSum,PrevMarginSum,OppPointsPGSum,PointsPGOpponentSum,PrevOPTSSum,AdjustedOPTSLinearRegression,Name
1610612746,105.6894312088858,106.16842336198383,104.68788605196637,105.25547999317902,104.8995041868268,105.62230209843011,105.94119845861354,106.28527513512236,106.49777677421388,106.96451435285834,103.57848114858871,Clippers
1610612743,106.5736580619136,105.98724365349324,104.4166187879368,106.35444511198311,106.20036370732703,105.46151274827157,105.80146990804776,106.09145855733973,108.44302084191949,105.61071572462245,106.43798443578294,Nuggets
