TeamID,PlayoffMinsSum,AgeSum,SeriesGPSum,SeriesLeadSum,SeriesWinPercentSum,MissingMinsSum,PrevMarginSum,OppPointsPGSum,PointsPGOpponentSum,PrevOPTSSum,AdjustedOPTSLinearRegression,Name
1610612747,105.76760272839721,106.0720465132768,107.30559030557144,105.35529162796146,105.68680124655172,105.84482776150298,105.80312532960029,105.91559845014316,106.30364572520128,105.69931175785838,106.4137549833597,Lakers
1610612743,106.3937024063703,106.06438037947635,107.22753309739149,106.94863035238988,107.09210941319878,105.3881462420475,106.04033518935421,106.04008027943712,107.16640823459285,105.52377637819471,109.44286700561065,Nuggets
1610612738,106.69933269105451,106.09759912603349,106.19597571268527,106.39668745917393,105.98900921333265,105.85886915455943,105.95920834905581,105.86985287661112,106.5283240975696,105.7838579730886,107.18478340148772,Celtics
1610612748,105.98323320294125,106.07186957456346,106.34057589407556,105.31423049480094,104.75795420362476,105.95844174261934,106.60733615153408,106.24381652945434,107.4861326419358,107.38034806057244,110.12010055379255,Heat
