TeamID,PlayoffMinsSum,AgeSum,SeriesGPSum,SeriesLeadSum,SeriesWinPercentSum,MissingMinsSum,PrevMarginSum,PointsPGSum,OppPointsPGOpponentSum,PrevPTSSum,AdjustedPTSLinearRegression,Name
1610612747,107.88107385495964,106.20371189003265,107.24668734417345,106.63071566772761,106.8765836919348,106.30179559107506,106.08031147451108,107.41389642238705,106.12129856525564,105.86254188960532,113.04238624395452,Lakers
1610612743,105.36497886178375,105.84319479294922,107.4188500041228,105.56300400189075,106.13164765215645,105.81658347311239,105.7703112771591,106.39800674887334,105.9626098570467,105.72282565282484,106.67638112745817,Nuggets
1610612738,105.19580843913648,105.94701231599716,106.17793317134658,105.15060214533075,105.49506118649938,106.1601621778029,106.7727477119702,107.19425396651118,106.03335161953054,107.65250993921644,109.33078229918897,Celtics
1610612748,104.67419942651286,105.8865660672566,106.64243028998744,106.44274656069624,106.34575789746188,106.14084793204053,105.77023740589358,106.70606368725528,106.11939954724848,105.88730963761174,106.00639159363845,Heat
