TeamID,PlayoffMinsSum,AgeSum,SeriesGPSum,SeriesLeadSum,SeriesWinPercentSum,MissingMinsSum,PrevMarginSum,PointsPGSum,OppPointsPGOpponentSum,PrevPTSSum,AdjustedPTSLinearRegression,Name
1610612761,105.43329240693001,106.09420862842924,107.40695849572828,105.6003013446,105.96175492427834,106.05747258817384,105.83130654525003,106.7208868177419,106.19822196819904,104.98833384030559,106.90194123005654,Raptors
1610612738,105.2198773161343,106.07113136821832,107.03212010437606,106.86038447456284,106.65399152386608,105.88290410197094,105.98503428035886,107.35378647744136,106.02041820400088,105.61207736538458,108.0499027771034,Celtics
1610612746,105.50266799456274,106.04272620829786,106.2130913743669,105.71002422372608,106.06199863237224,105.69292687738658,106.99392222499158,108.54062371979288,106.02468876637863,107.09393002331872,111.09991302562048,Clippers
1610612743,105.12260803735417,106.02951248859013,106.48892059853372,105.766883139325,105.80543599945025,105.92447674129107,106.1810478062229,106.51779960590775,106.31140982978232,104.06960819565387,103.46904471318976,Nuggets
1610612749,105.63368757010069,106.0371682574853,107.15956889282265,105.49923453378656,106.0347221517432,105.98406682796688,105.70030891553836,108.3396707051567,106.03698037662674,107.3683222885258,111.81718957272119,Bucks
1610612748,104.88025203573221,106.03162174492488,107.32179225984628,107.01253966556098,106.73166300069983,106.25709650234212,106.28192678276682,106.5522886374238,105.96872364896575,107.34835918377898,110.51456998343701,Heat
1610612747,107.80543221588465,106.25575670284734,106.3383202526869,105.60137879077269,106.00633743723873,106.25720939913437,106.42253635104287,107.19540617548364,107.57603929164351,107.4410885790962,115.50077400174928,Lakers
1610612745,105.9730111037501,106.1325943965076,106.19837352311951,105.51006777085753,105.94084111832377,105.6916180623862,105.99883640877685,108.80847826684825,105.90862318935899,105.82969680656464,108.41816234256862,Rockets
