TeamID,PlayoffMinsSum,AgeSum,SeriesGPSum,SeriesLeadSum,SeriesWinPercentSum,MissingMinsSum,PrevMarginSum,PointsPGSum,OppPointsPGOpponentSum,PrevPTSSum,AdjustedPTSLinearRegression,Name
1610612738,105.27222128139788,105.9713074862426,107.26321264605556,105.31868286546333,106.08685157801978,105.55782812722016,105.71316807980503,107.51033683723435,106.19311181591996,107.33985083330549,110.17146056010142,Celtics
1610612748,104.91761783087311,106.13730841155206,107.29179556158265,106.64280354183006,106.2611206991096,106.56272086933835,106.08515364786284,106.57704846861837,106.04388743367944,107.49278765658988,110.58985054617074,Heat
1610612747,107.63461047165545,106.1433899669714,106.27349912307488,105.58211574250879,105.93892103960582,106.39352438792612,106.86850908126482,107.24260025694502,105.94668220699576,107.63712021003863,113.07877460060695,Lakers
1610612743,105.11527431318699,106.15644649747077,106.11398320809982,105.61483192833934,105.96479042674228,105.98585197127002,106.88061384499329,106.36289888770776,106.01454851007904,105.64441151130106,105.41921682605744,Nuggets
