TeamID,PlayoffMinsSum,AgeSum,SeriesGPSum,SeriesLeadSum,SeriesWinPercentSum,MissingMinsSum,PrevMarginSum,OppPointsPGSum,PointsPGOpponentSum,PrevOPTSSum,AdjustedOPTSLinearRegression,Name
1610612761,105.54815605533153,106.00723029519064,105.33325886453153,105.41145697090603,105.1283682693826,105.43532418034161,105.43876201794946,106.16921325525188,107.37173524610803,104.78633503710057,102.40878792777767,Raptors
1610612738,106.63037981837743,106.0038303984596,105.5570412639753,105.7216023668759,104.9509203741661,105.68881027210838,106.17172896847681,106.00746795420176,106.6409085413561,105.3899351422228,104.63200182130845,Celtics
1610612746,105.60162612588584,106.04941932604416,107.28204345222439,105.57251444084085,106.11940762656705,105.24749783297486,106.34683138633692,106.3046231602802,106.1288429172358,106.66774980931902,107.02439978100597,Clippers
1610612743,106.27015900118269,106.28644144228173,107.01081964370024,105.64008710648213,106.14540762883874,105.25584878967096,105.59548992456905,106.2197557274956,108.43229346279203,105.27766419251778,109.4691626023814,Nuggets
1610612749,105.22477923005263,106.05239488900472,105.49404579487131,106.81895779470283,106.68470574938652,105.46386346290333,105.95976871346829,105.93871280492507,106.6244149798811,107.41486453159379,105.75944901916978,Bucks
1610612748,106.12628844335246,106.15183233498902,105.62269676345622,105.50119754055021,105.40644232222748,106.05135080630232,106.03078537565074,106.01784161931327,108.46178722126044,107.48683278318063,110.87692497244439,Heat
1610612747,105.93340949677155,105.94833058956021,107.24606352890241,105.60707732655804,106.36454106855993,105.51428466282226,105.5698537937444,105.82666408932089,108.7154208031597,106.16200624101204,110.66934982355656,Lakers
1610612745,105.186800767883,106.02322892879916,107.23570454850942,105.39453150114618,106.23663969238885,105.68388628701379,106.28448589435801,107.14537179610026,107.13712014895978,107.34954739911146,111.7608770708382,Rockets
