TeamID,PlayoffMinsSum,AgeSum,SeriesGPSum,SeriesLeadSum,SeriesWinPercentSum,MissingMinsSum,PrevMarginSum,PointsPGSum,OppPointsPGOpponentSum,PrevPTSSum,AdjustedPTSLinearRegression,Name
1610612761,105.11855279376866,105.99053585989482,106.39614711115355,105.41855628165573,105.93164091001512,106.64254823470998,106.78121146805665,107.10707428148761,106.25589064835133,106.96181882919215,110.0791866076629,Raptors
1610612738,105.11661531434686,106.00611954791462,106.16006656341054,105.55152628112077,105.853519352934,106.40227167289706,106.03915539781725,107.37900383681108,106.03437233143568,106.72199683393119,107.77975350192423,Celtics
1610612746,105.46439291573417,105.98631554279393,104.58385416621383,106.73798453751206,106.2166025465771,106.09502527497654,106.41407533395781,108.36821947246352,107.24805336403318,106.77989486266942,109.35989279891396,Clippers
1610612742,105.67843837301443,106.00686926343934,104.68784813087649,105.06332137445679,105.56045063087386,105.59463483411022,105.464588188474,108.56410864746321,106.39310133547556,106.91262104196477,105.90453233675817,Mavericks
1610612743,104.92679068735012,106.07177895967486,104.60475080995857,105.16410242556681,105.46010878185427,105.57622767764106,106.55677419582626,106.22526941699005,106.03235859674511,107.8426246743164,103.65872340227315,Nuggets
1610612762,104.9072967597693,106.03371754506365,104.84499300327624,106.71517483206412,106.43728029048569,105.58052076330716,105.77485371669128,106.59371120209734,106.00430258041217,106.03081646076261,101.85537902637498,Jazz
