TeamID,PlayoffMinsSum,AgeSum,SeriesGPSum,SeriesLeadSum,SeriesWinPercentSum,MissingMinsSum,PrevMarginSum,PointsPGSum,OppPointsPGOpponentSum,PrevPTSSum,AdjustedPTSLinearRegression,Name
1610612761,105.3810031688124,106.02721610771266,105.84725607143962,105.4413317633766,105.2470850748091,105.5457745931355,106.24600753779663,106.96236908924486,106.1284961727974,105.48067233385135,103.83320452891326,Raptors
1610612738,105.11155412777984,106.04925260899914,105.49510698179994,105.62555977944932,105.16949536102499,105.5527139220998,105.80994721018237,107.22080152306428,106.0749086891308,104.94308598592968,101.64342674703857,Celtics
1610612746,105.15696613643314,106.15809044704434,107.1939945807527,105.57912674266882,105.48853906930981,105.73735534588394,105.55987875580473,108.55654167417951,105.98044555021336,105.43951485377906,107.76673497451179,Clippers
1610612743,105.29841057542991,105.88744973241973,107.17924061456964,105.50766365086534,105.54814327989737,105.82778881975484,106.22652856199481,106.39132933384003,106.40350110408838,106.78315106978489,108.63296158885828,Nuggets
1610612749,105.73323830281012,105.95406525185972,105.5488254090401,105.47713136676755,105.78003289787732,106.11511274018036,105.96285130294079,108.58584966497645,106.01323152275823,107.57842855566744,109.57444586953102,Bucks
1610612748,104.81095636744705,105.94822555123416,105.51168833289563,106.80925730061385,106.59660795624214,106.24826255726808,105.66781053622425,106.50619360040976,106.08579036440663,107.52321029620938,106.15847474753264,Heat
1610612747,107.82328005651755,106.12532381503517,107.23316848674331,105.61480070298192,105.58411982032835,105.71572274915117,106.27090936138981,107.63900905922122,107.28476733984967,107.52877171583039,116.16361084554069,Lakers
1610612745,105.95948578228352,106.16617160261289,107.26644812871045,105.58746541658013,105.61930577859955,105.99446417665328,105.6907628863917,108.78300590014952,105.9189602592835,106.69411989934378,111.48419923256961,Rockets
